PMC7291292	https://www.ncbi.nlm.nih.gov/labs/pmc/articles/PMC7291292/bin/NIHMS1589843-supplement-1.pdf
PMC7729598	https://www.ncbi.nlm.nih.gov/labs/pmc/articles/PMC7729598/bin/ijms-21-08968-s001.pdf
PMC7708923	https://www.ncbi.nlm.nih.gov/labs/pmc/articles/PMC7708923/bin/12934_2020_1463_MOESM1_ESM.tiff
PMC7708923	https://www.ncbi.nlm.nih.gov/labs/pmc/articles/PMC7708923/bin/12934_2020_1463_MOESM2_ESM.tif
PMC7708923	https://www.ncbi.nlm.nih.gov/labs/pmc/articles/PMC7708923/bin/12934_2020_1463_MOESM3_ESM.xlsx
PMC7708923	https://www.ncbi.nlm.nih.gov/labs/pmc/articles/PMC7708923/bin/12934_2020_1463_MOESM4_ESM.tif
PMC7708923	https://www.ncbi.nlm.nih.gov/labs/pmc/articles/PMC7708923/bin/12934_2020_1463_MOESM5_ESM.tif
PMC7708923	https://www.ncbi.nlm.nih.gov/labs/pmc/articles/PMC7708923/bin/12934_2020_1463_MOESM6_ESM.xlsx
PMC7708923	https://www.ncbi.nlm.nih.gov/labs/pmc/articles/PMC7708923/bin/12934_2020_1463_MOESM7_ESM.xlsx
PMC7708923	https://www.ncbi.nlm.nih.gov/labs/pmc/articles/PMC7708923/bin/12934_2020_1463_MOESM8_ESM.xlsx
PMC7708923	https://www.ncbi.nlm.nih.gov/labs/pmc/articles/PMC7708923/bin/12934_2020_1463_MOESM9_ESM.xlsx
PMC7708923	https://www.ncbi.nlm.nih.gov/labs/pmc/articles/PMC7708923/bin/12934_2020_1463_MOESM10_ESM.xlsx
PMC7708923	https://www.ncbi.nlm.nih.gov/labs/pmc/articles/PMC7708923/bin/12934_2020_1463_MOESM11_ESM.xlsx
PMC7708923	https://www.ncbi.nlm.nih.gov/labs/pmc/articles/PMC7708923/bin/12934_2020_1463_MOESM12_ESM.xlsx
PMC7708923	https://www.ncbi.nlm.nih.gov/labs/pmc/articles/PMC7708923/bin/12934_2020_1463_MOESM13_ESM.xlsx
PMC7708923	https://www.ncbi.nlm.nih.gov/labs/pmc/articles/PMC7708923/bin/12934_2020_1463_MOESM14_ESM.xlsx
PMC7708923	https://www.ncbi.nlm.nih.gov/labs/pmc/articles/PMC7708923/bin/12934_2020_1463_MOESM15_ESM.tif
PMC7721221	https://www.ncbi.nlm.nih.gov/labs/pmc/articles/PMC7721221/bin/ct9-11-e00235-s001.pdf
PMC7721221	https://www.ncbi.nlm.nih.gov/labs/pmc/articles/PMC7721221/bin/ct9-11-e00235-s002.pdf
PMC7721221	https://www.ncbi.nlm.nih.gov/labs/pmc/articles/PMC7721221/bin/ct9-11-e00235-s003.pdf
PMC7721221	https://www.ncbi.nlm.nih.gov/labs/pmc/articles/PMC7721221/bin/ct9-11-e00235-s004.pdf
PMC7721221	https://www.ncbi.nlm.nih.gov/labs/pmc/articles/PMC7721221/bin/ct9-11-e00235-s005.pdf
